title,url
Language Support for Marginalia Search,https://www.marginalia.nu/log/a_126_multilingual/
Show HN: I'm rewriting a web server written in Rust for speed and ease of use,https://ferron.sh/
AWS multiple services outage in us-east-1,https://health.aws.amazon.com/health/status?ts=20251020
Practical Scheme,https://practical-scheme.net/index.html#docs
Show HN: I'm making a detective game built on Wikipedia,https://detective.wiki/
A laser pointer at 2B FPS [video],https://www.youtube.com/watch?v=o4TdHrMi6do
Pasta/80 is a simple Pascal cross compiler targeting the Z80 microprocessor,https://github.com/pleumann/pasta80
Bare Metal (The Emacs Essay),https://waxbanks.wordpress.com/2025/08/01/bare-metal-the-emacs-essay/
The Tyrrany of Literacy. On oral tradition and what is lost,https://languagelog.ldc.upenn.edu/nll/?p=71545
Alibaba Cloud says it cut Nvidia AI GPU use by 82% with new pooling system,https://www.tomshardware.com/tech-industry/semiconductors/alibaba-says-new-pooling-system-cut-nvidia-gpu-use-by-82-percent
Production RAG: what I learned from processing 5M+ documents,https://blog.abdellatif.io/production-rag-processing-5m-documents
"Calendar Puzzle ""Rhombus""",https://praxispuzzles.com/calendar_puzzle_rhombus
My trick for getting consistent classification from LLMs,https://verdik.substack.com/p/how-to-get-consistent-classification
BERT is just a single text diffusion step,https://nathan.rs/posts/roberta-diffusion/
Human Error Cripples the Internet (1997),https://archive.nytimes.com/www.nytimes.com/library/cyber/week/071797dns.html
When Compiler Optimizations Hurt Performance,https://nemanjatrifunovic.substack.com/p/when-compiler-optimizations-hurt
Claude Code on the web,https://www.anthropic.com/news/claude-code-on-the-web
I made a small LED panel,https://www.stavros.io/posts/really-small-led-panel/
Today is when the Amazon brain drain sent AWS down the spout,https://www.theregister.com/2025/10/20/aws_outage_amazon_brain_drain_corey_quinn/
Show HN: I created a cross-platform GUI for the JJ VCS (Git compatible),https://judojj.com
Old Computer Challenge – Modern Web for the ZX Spectrum,https://0x00.cl/blog/2025/occ-2025/
ChkTag: x86 Memory Safety,https://community.intel.com/t5/Blogs/Tech-Innovation/open-intel/ChkTag-x86-Memory-Safety/post/1721490
How to stop Linux threads cleanly,https://mazzo.li/posts/stopping-linux-threads.html
Space Elevator,https://neal.fun/space-elevator/
Optical diffraction patterns made with a MOPA laser engraving machine [video],https://www.youtube.com/watch?v=RsGHr7dXLuI
Results from blood test for 50 cancers,https://www.bbc.com/news/articles/c205g21n1zzo
Code from MIT's 1986 SICP video lectures,https://github.com/felipap/sicp-code
x86-64 Playground – An online assembly editor and GDB-like debugger,https://x64.halb.it/
DeepSeek OCR,https://github.com/deepseek-ai/DeepSeek-OCR
The longest baseball game took 33 innings to win,https://www.mlb.com/news/the-longest-professional-baseball-game-ever-played
"The scariest ""user support"" email I've received",https://www.devas.life/the-scariest-user-support-email-ive-ever-received/
"Postman which I thought worked locally on my computer, is down",https://status.postman.com
"TernFS – an exabyte scale, multi-region distributed filesystem",https://www.xtxmarkets.com/tech/2025-ternfs/#posix-shaped
Servo v0.0.1,https://github.com/servo/servo
Show HN: Playwright Skill for Claude Code – Less context than playwright-MCP,https://github.com/lackeyjb/playwright-skill
A magnetic field orientation that changes the fundamental design of motors,https://www.paranetics.com/copy-of-home
"60k kids have avoided peanut allergies due to 2015 advice, study finds",https://www.cbsnews.com/news/peanut-allergies-60000-kids-avoided-2015-advice/
What I Self Host,https://fredrikmeyer.net/2025/10/18/what-i-self-host.html
Wikipedia Seems Pretty Worried About AI,https://nymag.com/intelligencer/article/wikipedia-contributors-are-worried-about-ai-scraping.html
Art Must Act,https://aeon.co/essays/harold-rosenberg-exhorted-artists-to-take-action-and-resist-cliche
iOS 26.1 lets users control Liquid Glass transparency,https://www.macrumors.com/2025/10/20/ios-26-1-liquid-glass-toggle/
"The Peach meme: On CRTs, pixels and signal quality (again)",https://www.datagubbe.se/crt2/
J.P. Morgan's OpenAI loan is strange,https://marketunpack.com/j-p-morgans-openai-loan-is-strange/
Entire Linux Network stack diagram (2024),https://zenodo.org/records/14179366
What went down at WCSB 89.3FM: Cleveland State's axed student radio station,https://www.cleveland.com/news/2025/10/what-went-down-at-wcsb-893fm-a-voice-from-inside-cleveland-states-axed-student-radio-station.html
Getting DeepSeek-OCR Working on an Nvidia Spark via Brute Force with Claude Code,https://simonwillison.net/2025/Oct/20/deepseek-ocr-claude-code/
"When a stadium adds AI to everything, it's worse experience for everyone",https://a.wholelottanothing.org/bmo-stadium-in-la-added-ai-to-everything-and-what-they-got-was-a-worse-experience-for-everyone/
The Death of Thread per Core,https://buttondown.com/jaffray/archive/the-death-of-thread-per-core/
Docker Systems Status: Full Service Disruption,https://www.dockerstatus.com/pages/incident/533c6539221ae15e3f000031/68f5e1c741c825463df7486c
Exploring IRC (Internet Relay Chat),https://blog.preahs.com/exploring-irc-internet-relay-chat/
Fractal Imaginary Cubes,https://www.i.h.kyoto-u.ac.jp/users/tsuiki/icube/fractal/index-e.html
Atomic-Scale Protein Filters,https://press.asimov.com/articles/filters
Doing well in your courses: Andrej's advice for success (2013),https://cs.stanford.edu/people/karpathy/advice.html
Don't Force Your LLM to Write Terse [Q/Kdb] Code: An Information Theory Argument,https://medium.com/@gabiteodoru/dont-force-your-llm-to-write-terse-code-an-argument-from-information-theory-for-q-kdb-developers-04077c5b7038
Peanut allergies have plummeted in children,https://www.nytimes.com/2025/10/20/well/peanut-allergy-drop.html
Automate all the things with Swift Subprocess,https://blog.jacobstechtavern.com/p/swift-subprocess
"Optimizing writes to OLAP using buffers (ClickHouse, Redpanda, MooseStack)",https://www.fiveonefour.com/blog/optimizing-writes-to-olap-using-buffers
Vaclav Smil on why there will be no energy transition,https://energyskeptic.com/2025/vaclav-smil-on-why-there-will-be-no-energy-transition/
The object that struck flight UA1093 was likely a weather balloon,https://fosstodon.org/@AkaSci/115410025095722538
Show HN: EloqDoc: MongoDB-compatible doc DB with object storage as first citizen,https://github.com/eloqdata/eloqdoc
Nuclear Exercising at NATO,https://walberque.substack.com/p/nuclear-exercising-at-nato
U.S. Banks Are Hunting for Collateral to Back $20B Argentina Bailout,https://www.wsj.com/finance/argentina-bailout-banks-collateral-721bc2b5
Novo Nordisk's Canadian Mistake,https://www.science.org/content/blog-post/novo-nordisk-s-canadian-mistake
Old Is Gold: Optimizing Single-Threaded Applications with Exgen-Malloc,https://arxiv.org/abs/2510.10219
What's Behind the Mysterious Ancient Wall in the Gobi Desert?,https://news.artnet.com/art-world/the-hunt-gobi-wall-mongolia-2674588
Pointer Pointer (2012),https://pointerpointer.com
Infisical (YC W23) Is Hiring Full Stack Engineers,https://www.ycombinator.com/companies/infisical/jobs/0gY2Da1-full-stack-engineer-global
Why UUIDs won't protect your secrets,https://alexsci.com/blog/uuids-and-idor/
Qt Group Buys IAR Systems Group,https://www.qt.io/stock/qt-completes-the-recommended-public-cash-offer-to-the-shareholders-of-iar-systems-group-1760351460000-3668995
Oskar Speck's 1932 Kayak Journey from Germany to Australia,https://nswskc.wordpress.com/2002/10/24/incredible-journey-50/
Dutch spy services have restricted intelligence-sharing with the United States,https://intelnews.org/2025/10/20/01-3416/
Forth: The programming language that writes itself,https://ratfactor.com/forth/the_programming_language_that_writes_itself.html
Duke Nukem: Zero Hour N64 ROM Reverse-Engineering Project Hits 100%,https://github.com/Gillou68310/DukeNukemZeroHour
Berty – an encrypted and offline peer-to-peer messenger with no central server,https://berty.tech/features
Chess grandmaster Daniel Naroditsky has died,https://old.reddit.com/r/chess/comments/1obnbmu/grandmaster_daniel_naroditsky_has_passed_away/
Subway station study reveals fungal communities,https://phys.org/news/2025-09-subway-station-reveals-fungal-communities.html
LoC is a dumb metric for functions,https://theaxolot.wordpress.com/2025/10/18/loc-is-a-dumb-metric-for-functions/
Hetzner: The Simple Cloud just got more flexible and more affordable,https://old.reddit.com/r/hetzner/comments/1o80yjs/the_simple_cloud_just_got_more_flexible_and_even/
Give Your Metrics an Expiry Date,https://adrianhoward.com/posts/give-your-metrics-an-expiry-date/
The FTC Is Disappearing Blog Posts About AI Published During Lina Khan's Tenure,https://www.wired.com/story/ftc-removes-blog-posts-about-ai-authored-by-by-lina-khan/
Bat v0.26.0,https://github.com/sharkdp/bat/releases/tag/v0.26.0
The macOS LC_COLLATE hunt: Or why does sort order differently on macOS and Linux (2020),https://blog.zhimingwang.org/macos-lc_collate-hunt
Daniel Naroditsky: Chess grandmaster dies unexpectedly aged 29,https://news.sky.com/story/daniel-naroditsky-chess-grandmaster-dies-unexpectedly-aged-29-13454230
From Hollywood to horticulture: Cate Blanchett on a mission to save seeds,https://www.bbc.com/news/articles/cwy7ekl4yl8o
"United MAX Hit by Falling Object at 36,000 Feet",https://avbrief.com/united-max-hit-by-falling-object-at-36000-feet/
Oma: An attempt at reworking APT's interface,https://github.com/AOSC-Dev/oma
Introduction to reverse-engineering vintage synth firmware,https://ajxs.me/blog/Introduction_to_Reverse-Engineering_Vintage_Synth_Firmware.html
QuickDrawViewer: A Mac OS X utility to visualise QuickDraw (PICT) files,https://github.com/wiesmann/QuickDrawViewer
Gleam OTP – Fault Tolerant Multicore Programs with Actors,https://github.com/gleam-lang/otp
Foreign hackers breached a US nuclear weapons plant via SharePoint flaws,https://www.csoonline.com/article/4074962/foreign-hackers-breached-a-us-nuclear-weapons-plant-via-sharepoint-flaws.html
"Abandoned land drives dangerous heat in Houston, study finds",https://stories.tamu.edu/news/2025/10/07/abandoned-land-drives-dangerous-heat-in-houston-texas-am-study-finds/
How to Assemble an Electric Heating Element from Scratch,https://solar.lowtechmagazine.com/2025/10/how-to-build-an-electric-heating-element-from-scratch/
Show HN: Pyversity – Fast Result Diversification for Retrieval and RAG,https://github.com/Pringled/pyversity
Andrej Karpathy – It will take a decade to work through the issues with agents,https://www.dwarkesh.com/p/andrej-karpathy
Dosbian: Boot to DOSBox on Raspberry Pi,https://cmaiolino.wordpress.com/dosbian/
Retinal Implant Restores Central Vision in Patients with Advanced AMD,https://www.upmc.com/media/news/102025-retinal-implant
Compare Single Board Computers,https://sbc.compare/
The Human Only Public License,https://frederic.vanderessen.com/posts/hopl/
The Cancer Imaging Archive (TCIA),https://www.cancerimagingarchive.net/
Matrix Conference 2025 Highlights,https://element.io/blog/the-matrix-conference-a-seminal-moment-for-matrix/
IDEs we had 30 years ago and lost (2023),https://blogsystem5.substack.com/p/the-ides-we-had-30-years-ago-and
Improving PixelMelt's Kindle Web Deobfuscator,https://shkspr.mobi/blog/2025/10/improving-pixelmelts-kindle-web-deobfuscator/
Comparing the power consumption of a 30 year old refrigerator to a new one,https://ounapuu.ee/posts/2025/10/14/fridge-power-consumption/
"Pawn is a simple, typeless, 32-bit extension language with a C-like syntax",https://www.compuphase.com/pawn/pawn.htm
"GNU Octave Meets JupyterLite: Compute Anywhere, Anytime",https://blog.jupyter.org/gnu-octave-meets-jupyterlite-compute-anywhere-anytime-8b033afbbcdc
The Accountability Problem,https://www.jamesshore.com/v2/blog/2025/the-accountability-problem
Using Emacs as a TUI,https://blog.natfu.be/emacs-in-terminal-ergonomics/
How I bypassed Amazon's Kindle web DRM,https://blog.pixelmelt.dev/kindle-web-drm/
Titan submersible’s $62 SanDisk memory card found undamaged at wreckage site,https://www.tomshardware.com/pc-components/microsd-cards/tragic-oceangate-titan-submersibles-usd62-sandisk-memory-card-found-undamaged-at-wreckage-site-12-stills-and-nine-videos-have-been-recovered-but-none-from-the-fateful-implosion
Wikipedia says traffic is falling due to AI search summaries and social video,https://techcrunch.com/2025/10/18/wikipedia-says-traffic-is-falling-due-to-ai-search-summaries-and-social-video/
"It was a weather balloon, not space debris, that struck a United Airlines plane",https://arstechnica.com/space/2025/10/the-mystery-object-that-struck-a-plane-in-flight-it-was-probably-a-weather-balloon/
Discussion of the Benefits and Drawbacks of the Git Pre-Commit Hook,https://yeldirium.de/2025/10/09/pre-commit-hooks/index.html
Look at how unhinged GPU box art was in the 2000s (2024),https://www.xda-developers.com/absolutely-unhinged-gpu-box-art-from-the-early-2000s/
Deterministic multithreading is hard (2024),https://www.factorio.com/blog/post/fff-415
Beaver-engineered dam in the Czech Republic,https://en.wikipedia.org/wiki/Beaver-engineered_dam_in_the_Czech_Republic
The Spilhaus Projection: A world map according to fish,https://southernwoodenboatsailing.com/news/the-spilhaus-projection-a-world-map-according-to-fish
First Self-Propagating Worm Using Invisible Code Hits OpenVSX and VS Code,https://www.koi.ai/blog/glassworm-first-self-propagating-worm-using-invisible-code-hits-openvsx-marketplace
Nvidia has produced the first Blackwell wafer on US soil,https://www.xda-developers.com/nvidia-produced-first-blackwell-wafer-us-soil/
Show HN: Open-Source Voice AI Badge Powered by ESP32+WebRTC,https://github.com/VapiAI/vapicon-2025-hardware-workshop
Ask HN: What are people doing to get off of VMware?,item?id=45635940
Scheme Reports at Fifty,https://crumbles.blog/posts/2025-10-18-scheme-reports-at-fifty.html
"Claude Skills are awesome, maybe a bigger deal than MCP",https://simonwillison.net/2025/Oct/16/claude-skills/
Fast calculation of the distance to cubic Bezier curves on the GPU,https://blog.pkh.me/p/46-fast-calculation-of-the-distance-to-cubic-bezier-curves-on-the-gpu.html
Servo v0.0.1 Released,https://github.com/servo/servo/releases/tag/v0.0.1
How does Turbo listen for Turbo Streams,https://ducktypelabs.com/how-does-turbo-listen-for-turbo-streams/
Commodore 64 Ultimate,https://www.commodore.net/product-page/commodore-64-ultimate-basic-beige-batch1
Argentina Could Be a Superpower,https://unchartedterritories.tomaspueyo.com/p/argentina-could-be-a-superpower
The working-class hero of Bletchley Park you didn't see in the movies,https://www.theguardian.com/world/2025/oct/12/move-over-alan-turing-meet-the-working-class-hero-of-bletchley-park-you-didnt-see-in-the-movies
OpenAI researcher announced GPT-5 math breakthrough that never happened,https://the-decoder.com/leading-openai-researcher-announced-a-gpt-5-math-breakthrough-that-never-happened/
GoFundMe created 1.4M donation pages for nonprofits; organizations had no clue,https://abc7news.com/post/gofundme-created-14-million-donation-pages-nonprofits-bay-area-organizations-had-no-clue/18013410/
How one of the longest dinosaur trackways in the world was uncovered in the UK,https://www.bbc.co.uk/news/resources/idt-5f8c77b0-92bc-40f2-bf21-6793abbe5ffe
The Unix Executable as a Smalltalk Method [pdf],https://programmingmadecomplicated.wordpress.com/wp-content/uploads/2025/10/onward25-jakubovic.pdf
Xubuntu.org Might Be Compromised,https://old.reddit.com/r/Ubuntu/comments/1oa4549/xubuntuorg_might_be_compromised/
"When you opened a screen shot of a video in Paint, the video was playing in it",https://devblogs.microsoft.com/oldnewthing/20251014-00/?p=111681
Root System Drawings,https://images.wur.nl/digital/collection/coll13/search
Supabase us-east-1 down,https://status.supabase.com
"Feed me up, Scotty – custom RSS feed generation using CSS selectors",https://feed-me-up-scotty.vincenttunru.com/
New Work by Gary Larson,https://www.thefarside.com/new-stuff
The Rubygems.org takeover,https://lwn.net/SubscriberLink/1040778/77d921001b26d061/
EQ: A video about all forms of equalizers,https://www.youtube.com/watch?v=CLAt95PrwL4
Webflow Donates $150k to Support Astro's Open Source Mission,https://astro.build/blog/webflow-official-partner/
Picturing Mathematics,https://mathenchant.wordpress.com/2025/10/18/picturing-mathematics/
A Tiny Typo May Explain Centuries-Old Mystery Bout Chaucer's 'Canterbury Tales',https://www.smithsonianmag.com/smart-news/a-tiny-typo-may-explain-a-centuries-old-mystery-about-chaucers-canterbury-tales-and-troilus-and-criseyde-180986991/
Show HN: Duck-UI – Browser-Based SQL IDE for DuckDB,https://demo.duckui.com
Lux: A luxurious package manager for Lua,https://github.com/lumen-oss/lux
Could the XZ backdoor been detected with better Git/Deb packaging practices?,https://optimizedbyotto.com/post/xz-backdoor-debian-git-detection/
"Chen-Ning Yang, Nobel laureate, dies at 103",https://www.chinadaily.com.cn/a/202510/18/WS68f3170ea310f735438b5bf2.html
What Do We Do If SETI Is Successful?,https://www.universetoday.com/articles/what-do-we-do-if-seti-is-successful
"Ask HN: As a developer, am I wrong to think monitoring alerts are mostly noise?",item?id=45647577
Adding Breadcrumbs to a Rails Application,https://avohq.io/blog/breadcrumbs-rails
The case for the return of fine-tuning,https://welovesota.com/article/the-case-for-the-return-of-fine-tuning
Our Paint – A featureless but programmable painting program,https://www.WellObserve.com/OurPaint/index_en.html
Argentine peso weakens to fresh low despite US interventions,https://www.ft.com/content/815ef487-0d0e-430c-b140-9bc39dbd1a53
Who invented deep residual learning?,https://people.idsia.ch/~juergen/who-invented-residual-neural-networks.html
The Trinary Dream Endures,https://www.robinsloan.com/lab/trinary-dream/
"Grandmaster, Popular Commentator Daniel Naroditsky Tragically Passes Away at 29",https://www.chess.com/news/view/grandmaster-daniel-naroditsky-dies-at-29
Tech Workers versus Enshittification - Cory Doctorow,https://cacm.acm.org/opinion/tech-workers-versus-enshittification/
Amazon’s Ring to partner with Flock,https://techcrunch.com/2025/10/16/amazons-ring-to-partner-with-flock-a-network-of-ai-cameras-used-by-ice-feds-and-police/
PlayStation 3 Architecture (2021),https://www.copetti.org/writings/consoles/playstation-3
"SIM Farm Dismantled in Europe, Seven Arrested",https://www.securityweek.com/sim-farm-dismantled-in-europe-seven-arrested/
Ripgrep 15.0,https://github.com/BurntSushi/ripgrep/releases/tag/15.0.0
"Life, Work, Death and the Peasant, Part V: Life in Cycles",https://acoup.blog/2025/10/17/collections-life-work-death-and-the-peasant-part-v-life-in-cycles/
I'm a principal engineer at Microsoft. I barely program anymore,https://payne.io/posts/historical-artifact/
Replua.nvim – an Emacs-style scratch buffer for executing Lua,https://github.com/mghaight/replua.nvim
Lost Jack Kerouac story found among assassinated mafia boss' belongings,https://www.sfgate.com/sf-culture/article/lost-jack-kerouac-chapter-found-mafia-boss-estate-21098566.php
Sonoluminescence,https://en.wikipedia.org/wiki/Sonoluminescence
"The Rapper 50 Cent, Adjusted for Inflation",https://50centadjustedforinflation.com/
"Police Break Up Lego Theft Ring, Recovering Hundreds of Beheaded Figurines",https://www.nytimes.com/2025/10/18/us/lego-theft-california-arrest.html
Show HN: Browser-based PDF form fields detection (YOLO-based),https://commonforms.simplepdf.com/
Why the open social web matters now,https://werd.io/why-the-open-social-web-matters-now/
Modeling Others' Minds as Code,https://arxiv.org/abs/2510.01272
./watch,https://dotslashwatch.com/
How to sequence your DNA for <$2k,https://maxlangenkamp.substack.com/p/how-to-sequence-your-dna-for-2k
Apple M5 chip,https://www.apple.com/newsroom/2025/10/apple-unleashes-m5-the-next-big-leap-in-ai-performance-for-apple-silicon/
Ask HN: How to stop an AWS bot sending 2B requests/month?,item?id=45613567
FSF announces Librephone project,https://www.fsf.org/news/librephone-project
Exploring PostgreSQL 18's new UUIDv7 support,https://aiven.io/blog/exploring-postgresql-18-new-uuidv7-support
Carefully Educated to Be Idiots,https://www.hilarylayne.com/p/very-carefully-educated-to-be-idiots
Flowistry: An IDE plugin for Rust that focuses on relevant code,https://github.com/willcrichton/flowistry
Coral NPU: A full-stack platform for Edge AI,https://research.google/blog/coral-npu-a-full-stack-platform-for-edge-ai/
Redis Backplane for Hubots,https://github.com/hubot-friends/hubot-redis-backplane
Fury Mounts over a Global A.I. Frenzy,https://www.nytimes.com/2025/10/20/technology/ai-data-center-backlash-mexico-ireland.html
Bible and Quran apps flagged NSFW by F-Droid,https://forum.f-droid.org/t/nsfw-flag-incorrectly-added-to-bible-and-quran-apps/33401
WebMCP,https://github.com/jasonjmcghee/WebMCP
"AWS outage shows internet users 'at mercy' of too few providers, experts say",https://www.theguardian.com/technology/2025/oct/20/amazon-web-services-aws-outage-hits-dozens-websites-apps
SQL Anti-Patterns,https://datamethods.substack.com/p/sql-anti-patterns-you-should-avoid
Asking AI to build scrapers should be easy right?,https://www.skyvern.com/blog/asking-ai-to-build-scrapers-should-be-easy-right/
Claude Skills,https://www.anthropic.com/news/skills
Using Pegs in Janet,https://articles.inqk.net/2020/09/19/how-to-use-pegs-in-janet.html
When if is just a function,https://ryelang.org/blog/posts/if-as-function-blogpost-working-on-it_ver1/
Tinnitus Neuromodulator,https://mynoise.net/NoiseMachines/neuromodulationTonesGenerator.php
The early Unix history of chown() being restricted to root,https://utcc.utoronto.ca/~cks/space/blog/unix/ChownRestrictionEarlyHistory
"Designing EventQL, an Event Query Language",https://docs.eventsourcingdb.io/blog/2025/10/20/designing-eventql-an-event-query-language/
Read your way through Hà Nội,https://vietnamesetypography.com/samples/read-your-way-through-ha-noi/
Original C64 Lode Runner Source Code,https://github.com/Piddewitt/Loderunner
Moonlander.BAS,https://basic-code.bearblog.dev/moonlander/
One Star,https://www.vice.com/en/article/one-star/
Meow.camera,https://meow.camera/
DOJ seizes $15B in Bitcoin from 'pig butchering' scam based in Cambodia,https://www.cnbc.com/2025/10/14/bitcoin-doj-chen-zhi-pig-butchering-scam.html
K8s with 1M nodes,https://bchess.github.io/k8s-1m/
The pivot,https://www.antipope.org/charlie/blog-static/2025/10/the-pivot-1.html
Ruby core team takes ownership of RubyGems and Bundler,https://www.ruby-lang.org/en/news/2025/10/17/rubygems-repository-transition/
StageConnect: Behringer protocol is open source,https://github.com/OpenMixerProject/StageConnect
The zipper is getting its first major upgrade in 100 years,https://www.wired.com/story/the-zipper-is-getting-its-first-major-upgrade-in-100-years/
Jupyter Collaboration has a history slider,https://blog.jupyter.org/exploring-a-documents-timeline-in-jupyterlab-6084f96db263
"BQN ""Macros"" with •Decompose (2023)",https://saltysylvi.github.io/blog/bqn-macros.html
Satellite images show ancient hunting traps used by South American social groups,https://phys.org/news/2025-10-satellite-images-reveal-ancient-south.html
Is Postgres read heavy or write heavy?,https://www.crunchydata.com/blog/is-postgres-read-heavy-or-write-heavy-and-why-should-you-care
Cloudflare Sandbox SDK,https://sandbox.cloudflare.com/
AI will never be your friend,https://www.msn.com/en-us/entertainment/news/ai-will-never-be-your-friend/ar-AA1OObbs
MIT physicists improve the precision of atomic clocks,https://news.mit.edu/2025/mit-physicists-improve-atomic-clocks-precision-1008
RFCs: Blueprints of the Internet,https://ackreq.github.io/posts/what-are-rfcs/
Secret diplomatic message deciphered after 350 years,https://www.nationalarchives.gov.uk/explore-the-collection/the-collection-blog/secret-diplomatic-message-deciphered-after-350-years/
China imports no US soybeans in September for first time in seven years,https://www.reuters.com/world/china/china-imports-no-us-soybeans-september-first-time-seven-years-2025-10-20/
4Chan Lawyer publishes Ofcom correspondence,https://alecmuffett.com/article/117792
I wish SSDs gave you CPU performance style metrics about their activity,https://utcc.utoronto.ca/~cks/space/blog/tech/SSDWritePerfMetricsWish
Migrating from AWS to Hetzner,https://digitalsociety.coop/posts/migrating-to-hetzner-cloud/
AMD's Chiplet APU: An Overview of Strix Halo,https://chipsandcheese.com/p/amds-chiplet-apu-an-overview-of-strix
National Guard deployment in San Francisco loom over city's AI-driven resurgence,https://www.cnbc.com/2025/10/20/trump-calls-for-national-guard-deployment-loom-over-sf-ai-resurgence.html
Transportation SEC says SpaceX is behind on moon trip and will reopen contracts,https://www.cnbc.com/2025/10/20/nasa-duffy-spacex-artemis-moon-landing.html
EVs are depreciating faster than gas-powered cars,https://restofworld.org/2025/ev-depreciation-blusmart-collapse/
Live Stream from the Namib Desert,https://bookofjoe2.blogspot.com/2025/10/live-stream-from-namib-desert.html
"Most users cannot identify AI bias, even in training data",https://www.psu.edu/news/bellisario-college-communications/story/most-users-cannot-identify-ai-bias-even-training-data
Using CUE to unify IoT sensor data,https://aran.dev/posts/cue/using-cue-to-unify-iot-sensor-data/
Brussels opens the door to reviewing the ban on ICE vehicles from 2035,https://www.coface.com/news-economy-and-insights/brussels-opens-the-door-to-reviewing-the-ban-on-internal-combustion-engine-vehicles-from-2035
Resizeable Bar Support on the Raspberry Pi,https://www.jeffgeerling.com/blog/2025/resizeable-bar-support-on-raspberry-pi
Ruby Blocks,https://tech.stonecharioteer.com/posts/2025/ruby-blocks/
Better SRGB to Greyscale Conversion,https://30fps.net/pages/better-srgb-to-greyscale/
The internet just had another major global outage. Why does this keep happening?,https://www.rnz.co.nz/news/world/576516/the-internet-just-had-another-major-global-outage-why-does-this-keep-happening
A 4k-Room Text Adventure Written by One Human in QBasic No AI,https://the-ventureweaver.itch.io/tlote4111
The Wi-Fi Revolution (2003),https://www.wired.com/2003/05/wifirevolution/
Next steps for BPF support in the GNU toolchain,https://lwn.net/Articles/1039827/
Friendship Begins at Home,https://3quarksdaily.com/3quarksdaily/2025/10/friendship-begins-at-home.html
Law Enforcement and Government Agencies Requests for User Data,"https://transparencyreport.google.com/user-data/overview?user_requests_report_period=series:requests,accounts;authority:US;time:&lu=user_requests_report_period&hl=en"
"Carbonized 1,300-Year-Old Bread Loaves Unearthed in Turkey",https://ancientist.com/1300-year-old-communion-bread-unearthed-in-karaman-a-loaf-for-the-farmer-christ/
Cruz Godar Generative Art Gallery,https://cruzgodar.com/gallery/
Ntfsplus: NTFS Filesystem Remake,https://lore.kernel.org/lkml/20251020020749.5522-1-linkinjeon@kernel.org/
Supreme Court will consider whether people who smoke pot can legally own guns,https://apnews.com/article/supreme-court-marijuana-guns-e86c342bf248c7822722ad027980b72b
Claude Code vs. Codex: I built a sentiment dashboard from Reddit comments,https://www.aiengineering.report/p/claude-code-vs-codex-sentiment-analysis-reddit
Why an abundance of choice is not the same as freedom,https://aeon.co/essays/why-an-abundance-of-choice-is-not-the-same-as-freedom
Unmasking the Snitch Puck: IoT surveillance tech in the school bathroom [video],https://www.youtube.com/watch?v=WCnojaEpF2I
How Kids' TV Got Way Too Normal,https://slate.com/life/2025/10/kids-tv-movies-best-ratings-parents-disney.html
Smithsonian Open Access,https://www.si.edu/openaccess
Resonant Computing Manifesto,https://resonantcomputing.org/
How to Enter a City Like a King,https://worldhistory.substack.com/p/how-to-enter-a-city-like-a-king
Claude Haiku 4.5,https://www.anthropic.com/news/claude-haiku-4-5
Attention is a luxury good,https://seths.blog/2025/10/attention-is-a-luxury-good/
Just talk to it – A way of agentic engineering,https://steipete.me/posts/just-talk-to-it
Researchers Discover the Optimal Way to Optimize,https://www.quantamagazine.org/researchers-discover-the-optimal-way-to-optimize-20251013/
A liver transplant from start to finish,https://press.asimov.com/articles/liver
"Understanding Spec-Driven-Development: Kiro, Spec-Kit, and Tessl",https://martinfowler.com/articles/exploring-gen-ai/sdd-3-tools.html
Hydrogel-based expanding pill for weight loss shows promising results in trial,https://www.uhs.nhs.uk/whats-new/press-releases/weight-loss-pill-aims-to-bridge-gap-in-obesity-treatments
Syntax highlighting is a waste of an information channel (2020),https://buttondown.com/hillelwayne/archive/syntax-highlighting-is-a-waste-of-an-information/
New coding models and integrations,https://ollama.com/blog/coding-models
bbcli – A TUI and CLI to browse BBC News like a hacker,https://github.com/hako/bbcli
TurboTax’s 20-year fight to stop Americans from filing taxes for free (2019),https://www.propublica.org/article/inside-turbotax-20-year-fight-to-stop-americans-from-filing-their-taxes-for-free
Intel Announces Inference-Optimized Xe3P Graphics Card with 160GB VRAM,https://www.phoronix.com/review/intel-crescent-island
Electrostatic charges pull roundworms through air to its insect targets,https://www.science.org/content/article/bull-s-eye-static-electricity-pulls-worm-through-air-its-insect-victim
How to tame a user interface using a spreadsheet,https://blog.gingerbeardman.com/2025/10/11/how-to-tame-a-user-interface-using-a-spreadsheet/
AI-generated 'poverty porn' fake images being used by aid agencies,https://www.theguardian.com/global-development/2025/oct/20/ai-generated-poverty-porn-fake-images-being-used-by-aid-agencies
Benjie's Humanoid Olympic Games,https://generalrobots.substack.com/p/benjies-humanoid-olympic-games
Meta Is Building a Smart TV in VR,https://www.lowpass.cc/p/meta-horizon-tv-app-smart-tv-ui
Show HN: Inkeep (YC W23) – Agent Builder to create agents in code or visually,https://github.com/inkeep/agents
Let's write a macro in Rust,https://hackeryarn.com/post/rust-macros-1/
Ibuprofen: An everyday drug might offer protection against cancer,https://medicalxpress.com/news/2025-10-ibuprofen-everyday-drug-cancer.html
Elixir 1.19,https://elixir-lang.org/blog/2025/10/16/elixir-v1-19-0-released/
Kagi Specials,https://blog.kagi.com/kagi-specials
A stateful browser agent using self-healing DOM maps,https://100x.bot/a/a-stateful-browser-agent-using-self-healing-dom-maps
Pebble is officially back on iOS and Android,https://twitter.com/ericmigi/status/1979576965494710564
Building a message queue with only two UNIX signals,https://leandronsp.com/articles/you-dont-need-kafka-building-a-message-queue-with-only-two-unix-signals
JustSketchMe – Digital Posing Tool,https://justsketch.me
Show HN: The Shape of YouTube,https://soy.leg.ovh/
Katamari Is Back and Better,https://www.animenewsnetwork.com/convention/2025/tokyo-game-show/katamari-is-back-and-better-than-ever/.229541
"TP-Link conducts Wi-Fi 8 trials, promises better reliability and lower latency",https://www.techspot.com/news/109837-tp-link-conducts-successful-wi-fi-8-trials.html
Long Covid Is Real – and It's Changing a Generation,https://www.rollingstone.com/culture/culture-features/long-covid-kids-school-absenteeism-1235447552/
Show HN: Web-directive.js – A directive pattern for native HTML,https://github.com/asika32764/web-directive
The Rise and Fall of the Powdered Wig (2020),https://www.battlefields.org/learn/head-tilting-history/rise-and-fall-powdered-wig
DoorDash and Waymo launch autonomous delivery service in Phoenix,https://about.doordash.com/en-us/news/waymo
How YouTube algorithm manufactures consent (2024),https://archive.org/details/youtube-icw
Show HN: ServiceRadar – open-source Network Observability Platform,https://github.com/carverauto/serviceradar
Photos from NeXT,https://exhibits.stanford.edu/menuez/browse/next-computer-inc?per_page=96&sort=pub_year_isi+asc%2C+title_sort+asc&view=masonry
Karryon Air New Zealand's first electric aircraft trial in NZ lift-off,https://karryon.com.au/industry-news/airline/air-new-zealand-electric-jet/
AmigaOS 3.3 Ready for Release in 2026,https://www.facebook.com/HyperionEntertainment/posts/amigaos-33-ready-for-release-in-2026earlier-today-lead-developer-camilla-boemann/1471321207667833/
Why every Rust crate feels like a research paper on abstraction,https://daymare.net/blogs/everbody-so-creative/
Lace: A New Kind of Cellular Automata Where Links Matter,https://www.novaspivack.com/science/introducing-lace-a-new-kind-of-cellular-automata
Email bombs exploit lax authentication in Zendesk,https://krebsonsecurity.com/2025/10/email-bombs-exploit-lax-authentication-in-zendesk/
Recursive Language Models (RLMs),https://alexzhang13.github.io/blog/2025/rlm/
Just Some Pictures of London Vents Looking Spectacular,https://londonist.com/london/art-and-photography/adventurous-vents
ATM fraud nearly brought down British banking,https://www.theregister.com/2005/10/21/phantoms_and_rogues/
Doctor Who archive expert shares positive update on missing episode,https://www.radiotimes.com/tv/sci-fi/doctor-who-missing-episodes-update-teases-announcement-newsupdate/
Replacement.ai,https://replacement.ai
Cartridge Chaos: The Official Nintendo Region Converter and More,https://nicole.express/2025/not-just-for-robert.html
Ask HN: Why is Bowker's monopoly on ISBNs in the USA legal?,item?id=45643352
Hopes new Australian fabric will revitalise domestic clothing manufacturing,https://www.abc.net.au/news/2025-10-03/mud-to-marle-project-australian-cotton-wool-blend-fabric/105782204
Enchanting Imposters,https://daily.jstor.org/enchanting-imposters/
China Went from Clean Energy Copycat to Global Innovator,https://www.nytimes.com/interactive/2025/08/14/climate/china-clean-energy-patents.html
Show HN: We packaged an MCP server inside Chromium,https://github.com/browseros-ai/BrowserOS/blob/main/docs/browseros-mcp/how-to-guide.mdx
Solution to CIA’s Kryptos sculpture is found in Smithsonian vault,https://www.nytimes.com/2025/10/16/science/kryptos-cia-solution-sanborn-auction.html
Your data model is your destiny,https://notes.mtb.xyz/p/your-data-model-is-your-destiny
Why the numbers 6-7 are driving math teachers up the wall,https://www.npr.org/2025/10/19/nx-s1-5578929/why-the-numbers-6-7-are-driving-math-teachers-up-the-wall
Leaving serverless led to performance improvement and a simplified architecture,https://www.unkey.com/blog/serverless-exit
US NSA alleged to have launched a cyber attack on Chinese timekeeping agency,https://www.csoonline.com/article/4075846/us-nsa-alleged-to-have-launched-a-cyber-attack-on-a-chinese-agency.html
The optimistic case for protein foundation model companies,https://www.owlposting.com/p/the-optimistic-case-for-protein-foundation-193
Silver Snoopy Award,https://www.nasa.gov/space-flight-awareness/silver-snoopy-award/
Build a Superscalar 8-Bit CPU (YouTube Playlist) [video],https://www.youtube.com/watch?v=bwjMLyBU4RU&list=PLyR4neQXqQo5nPdEiMbaEJxWiy_UuyNN4&index=1
Trump DOE confirms it's canceling over $700M in manufacturing grants,https://techcrunch.com/2025/10/20/trump-doe-confirms-its-canceling-over-700m-in-manufacturing-grants/
What is going on with all this radioactive shrimp?,https://www.consumerreports.org/health/food-safety/radioactive-shrimp-explained-a5493175857/
Should an AI copy of you help decide if you live or die?,https://arstechnica.com/features/2025/10/should-an-ai-copy-of-you-help-decide-if-you-live-or-die/
If the Gumshoe Fits: The Thomas Pynchon Experience,https://www.bookforum.com/print/3202/if-the-gumshoe-fits-62416
"Show HN: Firm, a text-based work management system",https://github.com/42futures/firm
The Engineers – BBC Documentary 1978 [video],https://www.youtube.com/watch?v=z_lhur63BaQ
Cheapest ARM Debugger is RISC-V,https://bogdanthegeek.github.io/blog/projects/v003-dap/
"Naming code, the value-identity relation",https://tangrammer.codeberg.page/on-the-clojure-move/output/posts/naming-code.html
ISP Blocking of No-IP's Dynamic DNS Enters Week 2,https://torrentfreak.com/isp-blocking-of-no-ips-dynamic-dns-enters-week-2-251019/
Caveat Prompter,https://surfingcomplexity.blog/2025/10/12/caveat-promptor/
Codex Is Live in Zed,https://zed.dev/blog/codex-is-live-in-zed
Dutch government takes control of Chinese-owned chipmaker Nexperia,https://www.cnbc.com/2025/10/13/dutch-government-takes-control-of-chinese-owned-chipmaker-nexperia.html
New computer model helps reveal how the brain both adapts and misfires,https://now.tufts.edu/2025/10/16/flight-simulator-brain-reveals-how-we-learn-and-why-minds-sometimes-go-course
Hyperflask – Full stack Flask and Htmx framework,https://hyperflask.dev/
Show HN: Syna – Minimal ML and RL Framework Built from Scratch with NumPy,https://github.com/sql-hkr/syna
NanoChat – The best ChatGPT that $100 can buy,https://github.com/karpathy/nanochat
Show HN: Nova: Open-source solution for CAD file conflicts,https://github.com/agg111/nova
The people rescuing forgotten knowledge trapped on old floppy disks,https://www.bbc.com/future/article/20251009-rescuing-knowledge-trapped-on-old-floppy-disks
"Nvidia DGX Spark: great hardware, early days for the ecosystem",https://simonwillison.net/2025/Oct/14/nvidia-dgx-spark/
Show HN: MarkdownConverters – Convert any file format to clean Markdown,https://markdownconverters.com
A Tower on Billionaires' Row Is Full of Cracks. Who's to Blame?,https://www.nytimes.com/2025/10/19/nyregion/432-park-avenue-condo-tower.html
Immix: A Mark-Region Garbage Collector (2008) [pdf],https://www.steveblackburn.org/pubs/papers/immix-pldi-2008.pdf
Trap the Critters with Paint,https://deepanwadhwa.github.io/freeze_trap/
Show HN: CheckHN – A checklist for the most popular Hacker News posts,https://checkhn.ad-si.com
"Watching 25,000 Dice Neatly Arrange Themselves Shouldn't Be This Fascinating",https://www.sciencealert.com/packing-density-shear-force-dice-inside-cylinder-physics
Flies keep landing on North Sea oil rigs,https://theconversation.com/thousands-of-flies-keep-landing-on-north-sea-oil-rigs-then-taking-off-a-few-hours-later-heres-why-265622
Beliefs that are true for regular software but false when applied to AI,https://boydkane.com/essays/boss
Microwave technique allows energy-efficient chemical reactions,https://phys.org/news/2025-10-microwave-technique-energy-efficient-chemical.html
Bots are getting good at mimicking engagement,https://joindatacops.com/resources/how-73-of-your-e-commerce-visitors-could-be-fake
M5 MacBook Pro,https://www.apple.com/macbook-pro/
Zoo of array languages,https://ktye.github.io/
GOG has had to hire private investigators to track down IP rights holders,https://www.thegamer.com/gog-private-investigators-off-the-grid-ip-rights-holders/
Frank founder Charlie Javice sentenced for JPMorgan fraud,https://www.bbc.com/news/articles/c4gwj15djdxo
Show HN: Land use visualization for European countries,https://onsland.koenvangilst.nl/
BitLocker encryption permanently locks users' backup drives causing loss of data,https://www.tomshardware.com/software/windows/bitlocker-reportedly-auto-locks-users-backup-drives-causing-loss-of-3tb-of-valuable-data-windows-automatic-disk-encryption-can-permanently-lock-your-drives
Adding Breadcrumbs to a Rails Application,https://avohq.io/blog/breadcrumbs-rails
Next Steps for the Caddy Project Maintainership,https://caddy.community/t/next-steps-for-the-caddy-project-maintainership/33076
Interviewing Intel's Chief Architect of x86 Cores,https://chipsandcheese.com/p/interviewing-intels-chief-architect
"Event Sourcing, CQRS and Micro Services: Real FinTech Example",https://lukasniessen.medium.com/this-is-a-detailed-breakdown-of-a-fintech-project-from-my-consulting-career-9ec61603709c
"Writing an LLM from scratch, part 22 – training our LLM",https://www.gilesthomas.com/2025/10/llm-from-scratch-22-finally-training-our-llm
Space junk falls on Western Australian minesite,https://www.abc.net.au/news/2025-10-19/wa-space-debris-reentry-investigation/105909612
AI Is Killing the Magic,https://www.ft.com/content/d003cdfc-aded-4a9d-9a24-e1aff5261cfa
Show HN: Halloy – Modern IRC client,https://github.com/squidowl/halloy
Lead Limited Brain and Language Development in Neanderthals and Other Hominids?,https://today.ucsd.edu/story/did-lead-limit-brain-and-language-development-in-neanderthals-and-other-extinct-hominids
Show HN: Proxmox-GitOps: Container Automation Metaframework (Recursive Monorepo),https://github.com/stevius10/Proxmox-GitOps
Gemini 3.0 spotted in the wild through A/B testing,https://ricklamers.io/posts/gemini-3-spotted-in-the-wild/
Upcoming Rust language features for kernel development,https://lwn.net/Articles/1039073/
Every vibe-coded website is the same page with different words. So I made that,https://vibe-coded.lol/
Cyberpsychology's Influence on Modern Computing,https://cacm.acm.org/research/cyberpsychologys-influence-on-modern-computing/
Patat: Terminal-based presentations using Pandoc,https://github.com/jaspervdj/patat
The reason GCC is not a library (2000),https://gcc.gnu.org/legacy-ml/gcc/2000-01/msg00572.html
A modern approach to preventing CSRF in Go,https://www.alexedwards.net/blog/preventing-csrf-in-go
Create a Custom Interactive dashboard using SVG,https://0xmm.in/posts/custom_dash/
Tahoe's Elephant,https://eclecticlight.co/2025/10/12/last-week-on-my-mac-tahoes-elephant/
America is getting an AI gold rush instead of a factory boom,https://www.washingtonpost.com/business/2025/10/13/manufacturing-artificial-intelligence/
"When Pollution Spikes in Southeast Asia, Rainfall Shifts from Land to Sea",https://e360.yale.edu/digest/southeast-asia-aerosols-rainfall?asds
US Government Uptime Monitor,https://usa-status.com/
Talent,https://www.felixstocker.com/blog/talent
Show HN: A large format XY scanning hyperspectral camera,https://www.anfractuosity.com/projects/waverider/
How I made my own web server in Gleam,https://wskiy.de/blog/making_my_own_web_server_in_gleam
RMS Lifestyle,https://www.stallman.org/rms-lifestyle.html
Free Programing Books,https://github.com/EbookFoundation/free-programming-books
Breakthrough Vitamin K Compounds May Reverse Alzheimer's Damage,https://scitechdaily.com/breakthrough-vitamin-k-compounds-may-reverse-alzheimers-damage/
Windows 11 25H2 October Update Bug Renders Recovery Environment Unusable,https://www.techpowerup.com/342032/windows-11-25h2-october-update-bug-renders-recovery-environment-unusable
Federal agency overseeing US nuclear stockpile will furlough most of workforce,https://www.cnn.com/2025/10/19/politics/national-nuclear-security-administration-furloughs-shutdown
Reverse engineering iWork,https://andrews.substack.com/p/reverse-engineering-iwork
Electricity can heal wounds three times as fast (2023),https://www.chalmers.se/en/current/news/mc2-how-electricity-can-heal-wounds-three-times-as-fast/
ImapGoose,https://whynothugo.nl/journal/2025/10/15/introducing-imapgoose/
Most Expensive Laptops,https://comparelaptopprices.com/lists/most-expensive-laptops/
American solar farms,https://tech.marksblogg.com/american-solar-farms.html
Eon – An Effects-Based OCaml Nameserver,https://ryan.freumh.org/eon.html
Best xkcd,https://www.heavyconsulting.net/bestxkcd/
Post office in France rolls out croissant-scented stamp,https://www.ctvnews.ca/world/article/french-post-office-rolls-out-croissant-scented-stamp/
"Free applicatives, the handle pattern, and remote systems",https://exploring-better-ways.bellroy.com/free-applicatives-the-handle-pattern-and-remote-systems.html
LLMs are getting better at character-level text manipulation,https://blog.burkert.me/posts/llm_evolution_character_manipulation/
Go rate limiter that writes 95%-99% less I/O,https://github.com/etalazz/vsa
Show HN: Jotite – A whimsical Linux Markdown note-taking app,https://github.com/maxberggren/jotite
"Europe's Digital Sovereignty Paradox – ""Chat Control"" Update",https://www.process-one.net/blog/chat-control-update-oct-2025/
Why Is SQLite Coded In C,https://www.sqlite.org/whyc.html
"Liquibase continues to advertise itself as ""open source"" despite license switch",https://github.com/liquibase/liquibase/issues/7374
Calculating legally compliant rent late fees across U.S. states,https://www.RentLateFee.com
Salesforce told ICE it could help speed up hiring of immigration officers,https://www.sfchronicle.com/sf/article/salesforce-told-ice-help-speed-hiring-officers-21105202.php
AI Can't Save Software Engineering,https://medium.com/@acmerfight/ai-cant-save-software-engineering-fd9e6d3a1c41
What Americans die from vs. what the news reports on,https://ourworldindata.org/does-the-news-reflect-what-we-die-from
The Hidden Math of Ocean Waves Crashes Into View,https://www.quantamagazine.org/the-hidden-math-of-ocean-waves-crashes-into-view-20251015/
BofA Warns of Forced Stocks Selling If Credit Problems Persist,https://www.bloomberg.com/news/articles/2025-10-20/bofa-warns-of-forced-stocks-selling-if-credit-problems-persist
The White House is already one of the most blocked accounts on Bluesky,https://techcrunch.com/2025/10/19/the-white-house-is-already-one-of-the-most-blocked-accounts-on-bluesky/
The future of Python web services looks GIL-free,https://blog.baro.dev/p/the-future-of-python-web-services-looks-gil-free
Update on Plans for Privacy Sandbox Technologies,https://privacysandbox.com/news/update-on-plans-for-privacy-sandbox-technologies/
CamoLeak: Critical GitHub Copilot Vulnerability Leaks Private Source Code,https://www.legitsecurity.com/blog/camoleak-critical-github-copilot-vulnerability-leaks-private-source-code
Europe's plan to ditch US tech is built on open source and it's gaining steam,https://www.zdnet.com/article/europes-plan-to-ditch-us-tech-giants-is-built-on-open-source-and-its-gaining-steam/
Apple M4 Series Feature Support,https://asahilinux.org/docs/platform/feature-support/m4/
"No science, no startups: The innovation engine we're switching off",https://steveblank.com/2025/10/13/no-science-no-startups-the-unseen-engine-were-switching-off/
IRS open sources its fact graph,https://github.com/IRS-Public/fact-graph
Reverse engineering a 27MHz RC toy communication using RTL SDR,https://nitrojacob.wordpress.com/2025/09/03/reverse-engineering-a-27mhz-rc-toy-communication-using-rtl-sdr/
"TiVo won the court battles, but lost the TV war",https://www.theverge.com/tech/802254/tivo-time-warp-patent-courtoom-battles-lost-tv-war
A small number of samples can poison LLMs of any size,https://www.anthropic.com/research/small-samples-poison
Improving the Trustworthiness of JavaScript on the Web,https://blog.cloudflare.com/improving-the-trustworthiness-of-javascript-on-the-web/
SWE-Grep and SWE-Grep-Mini: RL for Fast Multi-Turn Context Retrieval,https://cognition.ai/blog/swe-grep
A Gemma model helped discover a new potential cancer therapy pathway,https://blog.google/technology/ai/google-gemma-ai-cancer-therapy-discovery/
Searching for Charles Fourier in the ruins of a socialist utopia outside LA,https://kubicki.org/letters/the-dogs-of-llano-del-rio-i/
Bit banged 100 MBit/s Ethernet transmission on RPi Pico,https://github.com/steve-m/Pico-100BASE-TX
"Snail farmer of London, mafia friends, and a Â£20M vendetta against the taxman",https://www.londoncentric.media/p/terry-ball-the-snail-farmer-his-mafia
Wireguard FPGA,https://github.com/chili-chips-ba/wireguard-fpga
Programming language agnosticism is the only way to move forward in life,item?id=45632180
Life-changing eye implant helps blind patients read again,https://www.bbc.co.uk/news/articles/c0qpz39jpj7o
"F5 says hackers stole undisclosed BIG-IP flaws, source code",https://www.bleepingcomputer.com/news/security/f5-says-hackers-stole-undisclosed-big-ip-flaws-source-code/
How to turn liquid glass into a solid interface,https://tidbits.com/2025/10/09/how-to-turn-liquid-glass-into-a-solid-interface/
Software update bricks some Jeep 4xe hybrids over the weekend,https://arstechnica.com/cars/2025/10/software-update-bricks-some-jeep-4xe-hybrids-over-the-weekend/
State-based vs Signal-based rendering,https://jovidecroock.com/blog/state-vs-signals/
Automerge,https://automerge.org/
MPTCP for Linux,https://www.mptcp.dev/
Matrices can be your friends (2002),https://www.sjbaker.org/steve/omniv/matrices_can_be_your_friends.html
Timezones as Types: Making Time Safer to Use in Go,https://www.matthewhalpern.com/posts/golang-type-safe-timezones/
The Underscore Music Player,https://kottke.org/25/10/the-underscore-music-player
This is just the Internet now: the slop is winning,https://www.theatlantic.com/technology/2025/10/ai-slop-winning/684630/
Zed is now available on Windows,https://zed.dev/blog/zed-for-windows-is-here
America’s semiconductor boom [video],https://www.youtube.com/watch?v=T-jt3qBzJ4A
Don’t Look Up: Sensitive internal links in the clear on GEO satellites [pdf],https://satcom.sysnet.ucsd.edu/docs/dontlookup_ccs25_fullpaper.pdf
NeXT Computer Offices,https://archive.org/details/NeXTComputerOffices
Fastmail desktop app,https://www.fastmail.com/blog/desktop-app/
Apple Pioneer Bill Atkinson Was a Secret Evangelist of the 'God Molecule',https://www.wired.com/story/apple-pioneer-bill-atkinson-was-a-secret-evangelist-of-the-god-molecule/
Show HN: Scriber Pro – Offline AI transcription for macOS,https://scriberpro.cc/hn/
Preparing for AI's economic impact: exploring policy responses,https://www.anthropic.com/research/economic-policy-responses
Virtual Memory for Real-time RISC-V systems using hPMP,https://arxiv.org/abs/2504.04498
Ask HN: How does one build large front end apps without a framework like React?,item?id=45615193
The story of X-Copy on the Amiga,https://spillhistorie.no/2025/10/10/the-story-of-x-copy-on-the-amiga/
The <output> Tag,https://denodell.com/blog/html-best-kept-secret-output-tag
Show HN: Metorial (YC F25) – Vercel for MCP,https://github.com/metorial/metorial
MD RAID or DRBD can be broken from userspace when using O_DIRECT,https://bugzilla.kernel.org/show_bug.cgi?id=99171
Pixnapping Attack,https://www.pixnapping.com/
How bad can a $2.97 ADC be?,https://excamera.substack.com/p/how-bad-can-a-297-adc-be
Pwning the Nix ecosystem,https://ptrpa.ws/nixpkgs-actions-abuse
Medical student ate 700 eggs in a month and his cholesterol levels dropped,https://nypost.com/2024/09/25/lifestyle/harvard-medical-student-nick-norwitz-ate-720-eggs-in-a-month-and-cholesterol-levels-dropped/
Surveillance data challenges what we thought we knew about location tracking,https://www.lighthousereports.com/investigation/surveillance-secrets/
Elixir/Ports and external process wiring,https://mw.ludd.net/wiki/Elixir/Ports_and_external_process_wiring
Legends of the games industry: Roger Dean,https://spillhistorie.no/2025/10/03/legends-of-the-games-industry-roger-dean/
Ireland is making basic income for artists program permanent,https://www.artnews.com/art-news/news/ireland-basic-income-artists-program-permanent-1234756981/
NVIDIA DGX Spark In-Depth Review: A New Standard for Local AI Inference,https://lmsys.org/blog/2025-10-13-nvidia-dgx-spark/
"Ireland plans to make a $1,500 a month basic income for artists permanent",https://www.businessinsider.com/ireland-basic-income-artists-permanent-2025-10
Australia's Forgotten Electronics Giant,https://www.youtube.com/watch?v=RbzgfBLrscg
Sharp Bilinear Filters: Big Clean Pixels for Pixel Art,https://bumbershootsoft.wordpress.com/2025/10/11/sharp-bilinear-filters-big-clean-pixels-for-pixel-art/
Creating an Igcse Pseudocode Interpreter,https://ezntek.com/posts/creating-an-igcse-pseudocode-interpreter-pt-2-20250913t1349/
Warning: Gmail client Show Original can omit lines of the original,item?id=45633892
The Sveriges Riksbank Prize in Economic Sciences in Memory of Alfred Nobel 2025,https://www.nobelprize.org/prizes/economic-sciences/2025/summary/
